model,split,n,eer,eer_ci_low,eer_ci_high,roc_auc,roc_auc_ci_low,roc_auc_ci_high,f1,f1_ci_low,f1_ci_high,accuracy,accuracy_ci_low,accuracy_ci_high,precision,recall,FP (genuine flagged),FN (synthetic missed)
SVM,test,2734,0.00833,0.00352,0.01313,0.99917,0.99823,0.99985,0.99432,0.99195,0.99669,0.99122,0.98756,0.99488,0.9981,0.99057,4,20
Random Forest,test,2734,0.03049,0.02275,0.03882,0.99563,0.99347,0.99742,0.98341,0.97942,0.98722,0.9744,0.96818,0.98025,0.98904,0.97785,23,47
Gradient Boosting,test,2734,0.03459,0.02451,0.04573,0.99491,0.99267,0.99674,0.982,0.97774,0.98581,0.9722,0.96562,0.97805,0.98714,0.97691,27,49
CNN,test,2734,0.00809,0.00423,0.01196,0.9993,0.99842,0.99983,0.98809,0.9847,0.99099,0.98171,0.97659,0.98611,0.99904,0.97738,2,48
CNN-LSTM,test,2734,0.00352,0.00105,0.00762,0.99959,0.99912,0.99995,0.99646,0.99455,0.99811,0.99451,0.99158,0.99707,0.99905,0.99387,2,13
SVM,generalization_test,1505,0.00668,0.00134,0.01733,0.99866,0.99614,0.99996,0.99691,0.99426,0.99868,0.99535,0.99136,0.99801,0.99735,0.99647,3,4
Random Forest,generalization_test,1505,0.02935,0.01867,0.03823,0.99644,0.99329,0.99856,0.98543,0.98046,0.99028,0.97807,0.97076,0.98538,0.98587,0.985,16,17
Gradient Boosting,generalization_test,1505,0.03113,0.02043,0.04759,0.9956,0.99248,0.99808,0.98677,0.9819,0.99118,0.98007,0.97276,0.98671,0.9859,0.98764,16,14
CNN,generalization_test,1505,0.00355,0.00088,0.0098,0.99914,0.9974,0.99998,0.99424,0.99111,0.99691,0.99136,0.98671,0.99535,0.99911,0.98941,1,12
CNN-LSTM,generalization_test,1505,0.00044,0.0,0.00267,1.0,0.99999,1.0,0.99779,0.99557,0.99956,0.99668,0.99336,0.99934,1.0,0.99559,0,5
