condition,model,eer,roc_auc,accuracy,FAR (genuine flagged),FRR (synthetic missed)
Clean,SVM,0.0033,0.9996,0.9967,0.0,0.0067
Clean,Random Forest,0.02,0.9957,0.97,0.0333,0.0267
Clean,Gradient Boosting,0.04,0.9929,0.96,0.0467,0.0333
Clean,CNN,0.0133,0.9989,0.98,0.0067,0.0333
Clean,CNN-LSTM,0.0033,0.9985,0.9967,0.0,0.0067
20 dB,SVM,0.32,0.7381,0.6433,0.22,0.4933
20 dB,Random Forest,0.3233,0.7878,0.5167,0.0133,0.9533
20 dB,Gradient Boosting,0.3,0.7801,0.6233,0.02,0.7333
20 dB,CNN,0.3533,0.6962,0.53,0.02,0.92
20 dB,CNN-LSTM,0.2467,0.8201,0.5367,0.0133,0.9133
15 dB,SVM,0.3833,0.6612,0.62,0.4667,0.2933
15 dB,Random Forest,0.3267,0.7411,0.5267,0.0333,0.9133
15 dB,Gradient Boosting,0.32,0.738,0.6133,0.0733,0.7
15 dB,CNN,0.4167,0.6426,0.5233,0.02,0.9333
15 dB,CNN-LSTM,0.3267,0.761,0.54,0.0,0.92
10 dB,SVM,0.44,0.6205,0.5567,0.76,0.1267
10 dB,Random Forest,0.4,0.6911,0.5367,0.0333,0.8933
10 dB,Gradient Boosting,0.3467,0.7095,0.6333,0.1267,0.6067
10 dB,CNN,0.41,0.623,0.5367,0.0133,0.9133
10 dB,CNN-LSTM,0.3533,0.7268,0.5433,0.0067,0.9067
5 dB,SVM,0.4867,0.5488,0.5033,0.9867,0.0067
5 dB,Random Forest,0.38,0.6653,0.5433,0.1,0.8133
5 dB,Gradient Boosting,0.3467,0.7261,0.6733,0.14,0.5133
5 dB,CNN,0.4467,0.5627,0.51,0.0667,0.9133
5 dB,CNN-LSTM,0.4033,0.6508,0.54,0.0133,0.9067
G.711,SVM,0.03,0.9976,0.9567,0.0,0.0867
G.711,Random Forest,0.0533,0.9866,0.9367,0.04,0.0867
G.711,Gradient Boosting,0.0833,0.9778,0.91,0.0467,0.1333
G.711,CNN,0.0133,0.9972,0.9233,0.0067,0.1467
G.711,CNN-LSTM,0.01,0.9989,0.98,0.0,0.04
G.711 + 10 dB,SVM,0.4067,0.6129,0.5633,0.7533,0.12
G.711 + 10 dB,Random Forest,0.3267,0.7234,0.51,0.06,0.92
G.711 + 10 dB,Gradient Boosting,0.2767,0.767,0.6267,0.12,0.6267
G.711 + 10 dB,CNN,0.44,0.5987,0.5167,0.02,0.9467
G.711 + 10 dB,CNN-LSTM,0.31,0.758,0.53,0.0067,0.9333
