model,class,band_hz,n_mel_bins,attribution_share
CNN,Genuine,0-500,28,0.3771
CNN,Genuine,500-1000,27,0.1757
CNN,Genuine,1000-2000,36,0.2057
CNN,Genuine,2000-3000,21,0.1341
CNN,Genuine,3000-4000,16,0.1074
CNN,Synthetic,0-500,28,0.435
CNN,Synthetic,500-1000,27,0.1631
CNN,Synthetic,1000-2000,36,0.1882
CNN,Synthetic,2000-3000,21,0.1206
CNN,Synthetic,3000-4000,16,0.093
CNN-LSTM,Genuine,0-500,28,0.2389
CNN-LSTM,Genuine,500-1000,27,0.2391
CNN-LSTM,Genuine,1000-2000,36,0.2568
CNN-LSTM,Genuine,2000-3000,21,0.1544
CNN-LSTM,Genuine,3000-4000,16,0.1108
CNN-LSTM,Synthetic,0-500,28,0.2955
CNN-LSTM,Synthetic,500-1000,27,0.2188
CNN-LSTM,Synthetic,1000-2000,36,0.2393
CNN-LSTM,Synthetic,2000-3000,21,0.1435
CNN-LSTM,Synthetic,3000-4000,16,0.1029
