feature,group,RF MDI (Phase 2),SVM |SHAP|,Random Forest |SHAP|,Gradient Boosting |SHAP|,SVM |SHAP| rank,Random Forest |SHAP| rank,Gradient Boosting |SHAP| rank,RF MDI (Phase 2) rank
mfcc_4_mean,MFCC,0.00349522451816006,0.04217897350664319,0.002897332652403586,0.25959674660798543,1,57,6,66
mfcc_6_std,MFCC,0.005913623142137353,0.038882323094900396,0.003955709305293841,0.17182898298118,2,45,19,39
mfcc_12_std,MFCC,0.028048822826333617,0.03390190688797611,0.024615814491321077,0.6155382186389846,3,2,2,3
mfcc_9_mean,MFCC,0.018343770870306853,0.03240077516148588,0.012848993481136498,0.4419718022352011,4,12,3,10
mfcc_2_mean,MFCC,0.0014183631176157355,0.03098393272813599,0.0009402346826086855,0.17975077407381793,5,156,17,164
mfcc_33_mean,MFCC,0.01675343542243527,0.029913976198976996,0.011246552913381279,0.22538154392882837,6,14,11,12
delta2_mfcc_0_mean,Δ²-MFCC,0.011334808280264506,0.029178224946378624,0.008211119040261717,0.3574279255695164,7,22,4,23
mfcc_5_mean,MFCC,0.007704164902645131,0.029070950273038836,0.006285301434081873,0.19764696329596096,8,29,12,31
mfcc_17_mean,MFCC,0.01668041297763655,0.025312533512044794,0.013968079702159757,0.2929033040420282,9,10,5,13
mfcc_29_mean,MFCC,0.012653046733715635,0.024315621447197074,0.00803457454438809,0.16153945511060083,10,23,22,19
delta_mfcc_5_mean,Δ-MFCC,0.030255985648000774,0.02424787556880074,0.023637029467197358,0.2324415318621847,11,3,10,2
delta_mfcc_6_mean,Δ-MFCC,0.04572322301016246,0.021308491631447678,0.035317510770766926,0.7673376309670296,12,1,1,1
mfcc_25_mean,MFCC,0.004674348407955632,0.019827401763112883,0.0030843707126474197,0.04566464695087072,13,51,62,51
mfcc_38_mean,MFCC,0.003335901334209399,0.01933841194717757,0.002663578941166365,0.09109714698004438,14,62,35,69
mfcc_19_mean,MFCC,0.007993873086626224,0.017667103106864528,0.007466862974698936,0.1285707861688144,15,26,27,29
mfcc_3_mean,MFCC,0.002502620436072245,0.017310176300814804,0.0020802800136320086,0.10080573126673699,16,77,32,92
voiced_ratio,Pitch,0.0022212888488041048,0.0172610432113615,0.0011271123850704445,0.0003224003921567206,17,131,172,107
mfcc_7_mean,MFCC,0.00914424537249545,0.016354961611393572,0.006638791160331975,0.0523560685720657,18,27,55,27
mfcc_27_std,MFCC,0.001354267563966365,0.01593611341341121,0.0006071121156203903,0.0,19,211,227,170
mfcc_8_mean,MFCC,0.0019300721612227087,0.01573859863752023,0.0011964961396249223,0.0035154124927185386,20,123,146,123
mfcc_7_std,MFCC,0.005088331976805469,0.01567836526904601,0.0032392094105470398,0.06438107320733583,21,49,46,45
mfcc_0_mean,MFCC,0.002399514085367645,0.01542729924641261,0.0010875677987450501,0.018132906731912323,22,137,90,98
mfcc_22_std,MFCC,0.003258821155209147,0.01537907638558836,0.0017145916870319833,0.10914514899923485,23,92,31,71
mfcc_12_mean,MFCC,0.01097581296782046,0.014856641040660631,0.00914692583105482,0.038748239270462496,24,18,67,24
mfcc_23_std,MFCC,0.0013495688581522634,0.014543994156460939,0.0005634586710141011,0.0004204357170486945,25,217,166,172
mfcc_37_mean,MFCC,0.00428465886506571,0.014219824674428349,0.002840011724197605,0.04296528101402135,26,58,65,57
f0_mean,Pitch,0.0030509573317474737,0.013944040016159856,0.0019977237424408574,0.07283914200669883,27,78,43,76
delta_mfcc_24_mean,Δ-MFCC,0.005346474723088241,0.013339675913793798,0.00556460946117854,0.1965428520645033,28,33,13,42
mfcc_31_std,MFCC,0.001276828950126535,0.0133179282712383,0.0008734636917378747,0.007869343067586094,29,166,129,179
delta_mfcc_4_std,Δ-MFCC,0.002602523822776526,0.013029418102295316,0.002314024742498007,0.08231209451365097,30,68,40,86
mfcc_1_std,MFCC,0.003095542937048921,0.012038144612935604,0.0017487827347561443,0.014669326008292138,31,89,99,73
delta_mfcc_4_mean,Δ-MFCC,0.02247027811835697,0.012008641133402997,0.017261690459296868,0.16931489044218873,32,5,20,8
delta_mfcc_3_mean,Δ-MFCC,0.018482374521002064,0.011825686956784598,0.014501940393378184,0.14564541086914776,33,9,25,9
zcr_std,Spectral,0.0016741420879385239,0.011760964782932714,0.0009277623039939542,0.008534352992562303,34,158,122,143
rolloff_mean,Spectral,0.012244695966491524,0.01140470223160943,0.008485811946132916,0.16718957467381781,35,21,21,20
mfcc_10_std,MFCC,0.006283347181258208,0.011181321762290024,0.006238241627074085,0.1498191246776522,36,30,24,38
mfcc_13_mean,MFCC,0.011876690603435264,0.011171602650648232,0.010440985489870765,0.05643727246792572,37,15,52,21
mfcc_1_mean,MFCC,0.012837949134243198,0.011122856291159576,0.008744000513035595,0.2401190974500828,38,19,8,17
delta_mfcc_8_mean,Δ-MFCC,0.02531060564133286,0.011002988144084461,0.017877336674172673,0.19100877281783687,39,4,14,4
delta_mfcc_1_std,Δ-MFCC,0.007634981754112992,0.01087946005305627,0.005158984535040169,0.04469434935419354,40,34,63,32
mfcc_14_std,MFCC,0.009619893101061174,0.010715018942811915,0.0075832959178966895,0.09486888531719802,41,25,34,26
zcr_mean,Spectral,0.009724094636676534,0.0101897228782265,0.00784613093830257,0.1738172770680686,42,24,18,25
delta_mfcc_13_mean,Δ-MFCC,0.0023563919482199086,0.010111543767846965,0.0009482261215284648,0.005003421620997411,43,155,139,99
delta_mfcc_7_mean,Δ-MFCC,0.024216584629464785,0.010024304626890853,0.01701401369412404,0.1524966417469633,44,6,23,6
mfcc_11_mean,MFCC,0.015378321811414263,0.010011347550780902,0.013068723227588185,0.23789578222622276,45,11,9,14
delta_mfcc_9_mean,Δ-MFCC,0.024543877277331396,0.009955189282000666,0.016579695389180752,0.09724159422393001,46,7,33,5
phase_diff_std,Phase,0.0022096854250782914,0.009770804748643825,0.0010702312678861606,0.010230206642463942,47,139,114,110
hnr,Spectral,0.00256892272766292,0.009590229848741435,0.0013514134299439423,0.0073108692799967135,48,109,130,87
delta_mfcc_20_mean,Δ-MFCC,0.00433362561739178,0.00947048024256238,0.0029115828024557787,0.014942002145995463,49,56,96,55
mfcc_16_std,MFCC,0.0016725708065896399,0.009410677920752992,0.0010180994647701392,0.012745585290536012,50,146,108,144
mfcc_4_std,MFCC,0.002088525178302914,0.009241221794742413,0.0012916978916780628,0.02481375072351342,51,111,81,113
delta_mfcc_13_std,Δ-MFCC,0.0014244655180858626,0.009219425469995298,0.000820378392040017,0.009948858704723918,52,176,116,162
mfcc_39_mean,MFCC,0.001832915571544148,0.009125116660963795,0.0007889276621939483,0.03200379268450641,53,179,70,128
delta2_mfcc_25_std,Δ²-MFCC,0.00173250884583665,0.009063481452265909,0.0015010069477139616,0.0007080755817619003,54,98,162,138
mfcc_31_mean,MFCC,0.007859509840855197,0.008999545128421315,0.005082109192671768,0.059204521648311303,55,35,48,30
mfcc_37_std,MFCC,0.0011878991212469596,0.008971572371855722,0.0009785289336936367,0.02700501269894785,56,151,79,193
delta_mfcc_1_mean,Δ-MFCC,0.007125078668111005,0.008421041943133803,0.004460960255712688,0.01474569146315113,57,38,97,35
centroid_mean,Spectral,0.012758129205875747,0.008419459722000977,0.009571742672245986,0.12428953280141122,58,17,28,18
delta_mfcc_21_mean,Δ-MFCC,0.005453136649470177,0.008057173274224394,0.00506443264192623,0.18781590983130758,59,36,15,40
delta2_mfcc_5_std,Δ²-MFCC,0.0053976794730725515,0.007971827530394935,0.0044286665276886735,0.05665296944485186,60,39,51,41
delta2_mfcc_22_std,Δ²-MFCC,0.0009233357722189923,0.007846489863571449,0.00035590320944881715,0.0,61,248,227,240
delta_mfcc_31_mean,Δ-MFCC,0.0023479621099030657,0.007537645759341012,0.0021454704294213986,0.06381264778532063,62,73,47,100
delta2_mfcc_18_std,Δ²-MFCC,0.0010360031185299614,0.00752874420633134,0.0005245714876647591,0.0,63,222,227,222
delta_mfcc_16_std,Δ-MFCC,0.0010136535944588292,0.007497277686939888,0.00039075419303004225,0.0,64,245,227,226
delta2_mfcc_12_mean,Δ²-MFCC,0.0038350677139747085,0.0074817350101548385,0.0031685568776341133,0.05763655916727027,65,50,49,63
delta2_mfcc_24_std,Δ²-MFCC,0.0011776025758693726,0.007134301659420726,0.0007509207727338679,2.0629327511829175e-05,66,189,190,194
delta2_mfcc_12_std,Δ²-MFCC,0.0019401103923185896,0.007127038231820953,0.001247826773354676,0.009791916769455584,67,116,118,121
mfcc_38_std,MFCC,0.0010966024723246632,0.0071079013050695675,0.0006243350109814894,0.006936963842141042,68,208,132,210
mfcc_33_std,MFCC,0.0010230623892068585,0.007061364222393898,0.0005793047448369716,0.0027427881844105623,69,214,152,223
mfcc_39_std,MFCC,0.0013649023185616782,0.0070247546852441915,0.0011280237076226655,0.0002829509213301837,70,130,173,169
mfcc_32_mean,MFCC,0.004465961680073271,0.006986489099660987,0.0029943737946630054,0.02056302285802097,71,53,87,52
mfcc_34_std,MFCC,0.0008967415611104075,0.006962012864861102,0.00048292067982812675,0.0,72,229,227,249
bandwidth_mean,Spectral,0.011778887163252968,0.006954522769859637,0.006144975637158232,0.05587296423727961,73,31,54,22
mfcc_21_mean,MFCC,0.0027119912555262954,0.006920119595184097,0.0017519364291624288,0.0023951908904510056,74,88,153,82
delta2_mfcc_7_std,Δ²-MFCC,0.0018215862048395822,0.0068702376805043685,0.001279191022684193,0.014059913976450898,75,113,102,130
delta_mfcc_23_mean,Δ-MFCC,0.004437229510773681,0.006613937100223297,0.004262609691012834,0.14329444513855277,76,42,26,53
delta2_mfcc_38_std,Δ²-MFCC,0.0010450313829363312,0.006611506582672707,0.0009699245910423056,0.0,77,153,227,219
delta_mfcc_14_std,Δ-MFCC,0.0010753438543646132,0.0065395388378592136,0.00031290903791929964,0.00037614790485763133,78,253,170,213
delta_mfcc_23_std,Δ-MFCC,0.0011922124175003485,0.006455528321847741,0.0005602309305133025,0.0,79,218,227,192
mfcc_3_std,MFCC,0.0016713175724005994,0.006361204406998151,0.0011032703835369153,0.00135619697120992,80,135,157,145
delta_mfcc_38_mean,Δ-MFCC,0.000866369255114783,0.006343016487269245,0.000421309924353505,0.0,81,241,227,250
delta2_mfcc_1_std,Δ²-MFCC,0.004860712410321696,0.006288570960901658,0.00442683254799247,0.02453275960801217,82,40,82,49
mfcc_17_std,MFCC,0.0016841388659140026,0.006282087872171632,0.0011261801682214893,0.029462545190713528,83,132,75,142
delta_mfcc_12_mean,Δ-MFCC,0.0037137702046861716,0.0062753346649829156,0.0018611357017228655,0.030569609292679135,84,85,73,64
delta2_mfcc_23_std,Δ²-MFCC,0.0012870221464172603,0.006269526315896452,0.0006435531354285241,0.0,85,205,227,177
delta2_mfcc_9_std,Δ²-MFCC,0.001847988896051123,0.00626601624138204,0.0010331658652219997,0.0,86,144,227,127
delta2_mfcc_34_std,Δ²-MFCC,0.0011730991456380731,0.006168910972467579,0.0009887508880070458,0.0,87,149,227,195
delta_mfcc_25_mean,Δ-MFCC,0.006964137268194664,0.006062392399978532,0.006290085043250695,0.08302771277191043,88,28,39,36
mfcc_11_std,MFCC,0.002853835564292395,0.005977141335384938,0.002150199720461868,0.013645557785950908,89,72,103,78
mfcc_23_mean,MFCC,0.002277325740751597,0.0057778038309573634,0.0014302560361861192,0.01225516094366641,90,101,109,103
delta2_mfcc_26_std,Δ²-MFCC,0.0013057426015945328,0.005576080235859467,0.0008842138440519911,0.0,91,164,227,176
delta_mfcc_18_std,Δ-MFCC,0.0010055314379624712,0.005478522330548518,0.00032152944162883905,0.0,92,252,227,227
delta2_mfcc_17_std,Δ²-MFCC,0.0012462161352178825,0.005465987459263761,0.000863144830096857,0.005874807431702635,93,167,138,183
delta_mfcc_32_mean,Δ-MFCC,0.0020568676482261745,0.005387151066315414,0.0012147736730588848,0.0,94,120,227,115
delta_mfcc_31_std,Δ-MFCC,0.0009806629000958908,0.005330289811833329,0.0006930991604898375,0.008437878076018248,95,198,124,233
delta_mfcc_28_mean,Δ-MFCC,0.001711966962935036,0.005286240729555921,0.0008776804452520696,0.0,96,165,227,141
mfcc_35_mean,MFCC,0.00319825056774552,0.005264641488311673,0.002462563786461065,0.0061352777715126235,97,65,136,72
delta_mfcc_9_std,Δ-MFCC,0.002294937235244289,0.005257688190824386,0.0012205396261321375,0.009974954330909202,98,119,115,101
mfcc_18_std,MFCC,0.0025269980649968906,0.005232178926829145,0.0018779242494339913,0.04994640434170278,99,84,58,91
delta_mfcc_10_std,Δ-MFCC,0.0012356861525068287,0.005141857659973893,0.0006462111651331007,3.555831944425603e-05,100,204,188,185
delta2_mfcc_16_std,Δ²-MFCC,0.001976467843676603,0.005040099746218843,0.001209478152750956,7.651044170280871e-05,101,122,182,118
mfcc_22_mean,MFCC,0.0014724491277077546,0.00500752567569305,0.0004815861588211239,0.012793997361697612,102,230,107,156
delta2_mfcc_37_std,Δ²-MFCC,0.0009171365643904042,0.004969460280216098,0.0007867872601674723,0.0020444925022163655,103,181,154,244
delta2_mfcc_15_std,Δ²-MFCC,0.0019564625715838948,0.004917448678151549,0.001346676901747118,9.097642776042032e-05,104,110,180,120
delta2_mfcc_34_mean,Δ²-MFCC,0.0017386463135476724,0.004904363127561407,0.0014130402381220461,0.0274496336401129,105,102,78,137
phase_diff_mean,Phase,0.01306639384772464,0.004801942228719279,0.008556322126154198,0.1798562289797688,106,20,16,16
mfcc_30_mean,MFCC,0.0024418445718156975,0.004768835404969993,0.0012549512863697808,0.0008153642310397722,107,115,160,96
mfcc_36_mean,MFCC,0.0016077227359747827,0.004753099527183743,0.0007172080330985723,2.6906383577985197e-05,108,194,189,147
delta_mfcc_20_std,Δ-MFCC,0.000980537340035589,0.00475190196844637,0.0003515785518468906,0.009568229359459359,109,249,119,234
delta2_mfcc_19_std,Δ²-MFCC,0.0009041448423790557,0.004706606832680696,0.0003837343876467112,0.0,110,246,227,247
delta2_mfcc_20_std,Δ²-MFCC,0.0007739377979896995,0.004688520343061731,0.0002918586027007152,8.481950688259882e-06,111,254,193,256
bandwidth_std,Spectral,0.007373702017992112,0.004618457930003309,0.0043345882334716685,0.015277111226833217,112,41,95,33
delta_mfcc_39_mean,Δ-MFCC,0.0015850254350912544,0.004563497498410129,0.0012680568696749326,0.007989063942239914,113,114,127,149
mfcc_34_mean,MFCC,0.0027069456632025763,0.004494866817338944,0.002135170057001247,0.05106201906574244,114,74,56,83
delta2_mfcc_21_mean,Δ²-MFCC,0.001327209566791321,0.004493959897082378,0.0006786864970922064,0.0,115,199,227,174
delta_mfcc_11_std,Δ-MFCC,0.001730715850224919,0.004322732859604909,0.0010851423870185085,0.04732675116663682,116,138,60,139
delta_mfcc_39_std,Δ-MFCC,0.0012240985301418693,0.004255906753969068,0.0010525109952550886,0.023996464346267534,117,142,83,188
delta2_mfcc_6_std,Δ²-MFCC,0.0012256207629153422,0.004206826973706102,0.0008444147119366907,2.061750720812305e-05,118,168,191,187
delta2_mfcc_8_std,Δ²-MFCC,0.0009263885338765828,0.004112696527182958,0.0005186345232722217,0.00025056252512118744,119,224,174,239
mfcc_5_std,MFCC,0.0013514875163405692,0.004106507027296959,0.0004958524893421798,7.906893718704217e-05,120,228,181,171
rolloff_std,Spectral,0.003415348040698206,0.004092822238565315,0.0014352025098420546,0.022441663316420727,121,100,85,68
delta2_mfcc_4_std,Δ²-MFCC,0.0027404471891525947,0.0040812162299000195,0.0022706545764749684,0.04954833800680763,122,71,59,80
delta2_mfcc_3_std,Δ²-MFCC,0.001366968371511379,0.004077987538243901,0.0009857273777833019,0.00037380774335399775,123,150,171,168
delta_mfcc_0_std,Δ-MFCC,0.00403894362613773,0.0040097135615124605,0.0021016239533758027,0.04667892765664237,124,75,61,62
delta_mfcc_2_std,Δ-MFCC,0.001085271021963843,0.003934045309227319,0.0008232256971606614,0.0001103308222709377,125,174,177,212
mfcc_29_std,MFCC,0.0010037249710377937,0.0038882734551841437,0.00037928169828683073,0.0,126,247,227,230
delta_mfcc_30_mean,Δ-MFCC,0.001794933273869921,0.0038792518312848957,0.001087833577330705,0.035388021826616003,127,136,68,132
delta_mfcc_15_std,Δ-MFCC,0.0010749039997656645,0.0038444994451588615,0.0005304307319854079,0.0,128,220,227,214
delta_mfcc_36_mean,Δ-MFCC,0.0013287221499255267,0.0038102743989122086,0.0009039606975213279,0.0,129,162,227,173
delta_mfcc_5_std,Δ-MFCC,0.006337587495004035,0.0037983141297615744,0.005035899094763449,0.08826824346156219,130,37,36,37
mfcc_18_mean,MFCC,0.0019150944300157697,0.0037874922444323038,0.0010348206205057413,0.0034250756290513957,131,143,147,124
delta2_mfcc_14_std,Δ²-MFCC,0.0018230898296556649,0.003743762208761312,0.0012848573272242181,0.0,132,112,227,129
delta2_mfcc_2_std,Δ²-MFCC,0.0013230228091216296,0.0037375657670177293,0.000642767813294138,0.0,133,206,227,175
delta2_mfcc_13_std,Δ²-MFCC,0.004065359291357718,0.0037244122020943034,0.003009178279689248,0.06707211885344837,134,52,45,60
mfcc_6_mean,MFCC,0.004877052646995337,0.003714567296095828,0.0026279027086938953,0.11075800513983208,135,64,30,48
delta_mfcc_34_std,Δ-MFCC,0.000962650513745639,0.0037139703935467785,0.000782401877861002,0.0,136,182,227,236
mfcc_24_std,MFCC,0.0017792561386432545,0.0037120728378579144,0.0009526594118517967,1.6777568540850797e-05,137,154,192,135
delta2_mfcc_10_mean,Δ²-MFCC,0.0014612570349471293,0.003680600357019408,0.0011349798707413297,0.0,138,129,227,157
delta_mfcc_22_std,Δ-MFCC,0.0009948295833279229,0.0036594744339238615,0.0003922463293063621,0.011075788340388977,139,244,112,232
mfcc_24_mean,MFCC,0.002214090043129425,0.0036236451147034308,0.0011781548370305088,0.014615730738946668,140,127,100,108
mfcc_9_std,MFCC,0.005102379805598867,0.0035917002418140893,0.0027530728122409226,0.02059603289988034,141,61,86,44
delta2_mfcc_1_mean,Δ²-MFCC,0.001129662677804283,0.003565208141723743,0.0004991430121773014,0.006398270463504427,142,226,135,205
delta_mfcc_10_mean,Δ-MFCC,0.02379805373374127,0.0035455734566446203,0.014587805405905405,0.07701303730856911,143,8,42,7
f0_min,Pitch,0.0015382432647650722,0.0035347234552328783,0.000653006735436399,0.009864640770857438,144,203,117,152
mfcc_0_std,MFCC,0.003440340720392806,0.0035239642409765656,0.0019368937313250685,0.009172185417014863,145,83,120,67
delta_mfcc_35_std,Δ-MFCC,0.0010047887032041142,0.003499738716923429,0.0010215094076043555,0.0,146,145,227,228
delta2_mfcc_8_mean,Δ²-MFCC,0.0027153844117848045,0.003464396020727826,0.0022803456939133144,0.0015798657558738311,147,70,156,81
mfcc_21_std,MFCC,0.0011375375012488778,0.0034515799388557377,0.0003985325360061226,0.0,148,243,227,203
delta_mfcc_14_mean,Δ-MFCC,0.0053340331759976385,0.0034321131924548672,0.00283713995233798,0.0,149,59,227,43
delta_mfcc_0_mean,Δ-MFCC,0.01743081011981494,0.003417986476179636,0.009881869718508025,0.24632047989267544,150,16,7,11
delta2_mfcc_32_mean,Δ²-MFCC,0.0028370500658962193,0.0033596710350370204,0.002283240836014269,0.031093468976892212,151,69,72,79
mfcc_36_std,MFCC,0.001053242311847075,0.0033412294138537597,0.0006634562286786617,0.008503512441666595,152,202,123,218
delta_mfcc_22_mean,Δ-MFCC,0.0048907112101877,0.0033286551015001293,0.0037919426255438,0.11576407911431782,153,47,29,46
delta_mfcc_27_mean,Δ-MFCC,0.004884426593437449,0.0033107664475189127,0.0038447734060324344,0.028979847147348768,154,46,76,47
delta2_mfcc_18_mean,Δ²-MFCC,0.0019345669274249003,0.003302241644537279,0.0013914207784737815,0.01548820741067544,155,104,92,122
delta2_mfcc_10_std,Δ²-MFCC,0.001095200908457382,0.0032994159714657524,0.000839582210211393,0.014739382906288725,156,169,98,211
delta2_mfcc_11_std,Δ²-MFCC,0.0014446370286019252,0.003241114769109626,0.0010664640435846676,0.031875527817506244,157,140,71,159
delta_mfcc_26_std,Δ-MFCC,0.0012639804385200428,0.003238531751872031,0.000608942294668794,0.00047904550879677543,158,210,164,181
delta_mfcc_6_std,Δ-MFCC,0.004750996089013992,0.003235030002265878,0.00417746259058404,0.05626930332513749,159,44,53,50
delta_mfcc_2_mean,Δ-MFCC,0.0022872365457622906,0.003168162269180354,0.0011634431464267849,0.023047625404806923,160,128,84,102
delta2_mfcc_3_mean,Δ²-MFCC,0.0014804809736073316,0.003156507982466377,0.0008215137290005584,6.027502042899107e-07,161,175,195,155
delta2_mfcc_28_std,Δ²-MFCC,0.0011401915360923465,0.0031415944576555542,0.0007442560276709733,0.0,162,192,227,202
delta2_mfcc_6_mean,Δ²-MFCC,0.002981783859266329,0.0031237114190357193,0.002343945194942514,0.0,163,67,227,77
mfcc_28_std,MFCC,0.001280597290939693,0.003123629105263599,0.0005805701079508975,3.8116399348860175e-06,164,213,194,178
delta2_mfcc_16_mean,Δ²-MFCC,0.0032898784962835824,0.003098143144265366,0.0028369029262113486,6.578565016707336e-05,165,60,185,70
mfcc_16_mean,MFCC,0.0022692901879083514,0.003057431274363452,0.0011870716369794855,0.0,166,126,227,104
mfcc_8_std,MFCC,0.0015533937070450069,0.003009383453127097,0.0009280778273037427,0.02539982050643003,167,157,80,151
mfcc_27_mean,MFCC,0.0024015246241547526,0.0029871855684152873,0.001355017452907404,0.08824673216535754,168,108,37,97
delta_mfcc_33_mean,Δ-MFCC,0.0012039660957516391,0.0029616865015114836,0.0007075233588890201,0.0,169,197,227,191
centroid_std,Spectral,0.0018630293763429618,0.0029456813160016644,0.0007614187710515269,0.0,170,187,227,125
delta_mfcc_17_mean,Δ-MFCC,0.002659811774466181,0.002902197464752575,0.001595408343165155,0.007924341966511522,171,96,128,84
mfcc_19_std,MFCC,0.0012530884598500886,0.002885821511089118,0.0006755142047535762,0.013042402719160491,172,200,106,182
delta_mfcc_8_std,Δ-MFCC,0.0012373415679617832,0.0028798246756642147,0.0007771257529278082,0.01548333820529817,173,184,93,184
delta_mfcc_19_mean,Δ-MFCC,0.0017929595479546927,0.0028306409777698062,0.0008234892719082358,0.006008714490348597,174,173,137,133
mfcc_20_std,MFCC,0.0020404572657400696,0.0028170261584126,0.0011958843253898313,0.0,175,124,227,116
delta_mfcc_37_std,Δ-MFCC,0.0010616794468846626,0.0027494129951854797,0.0011083284128256808,0.0009977563458249054,176,134,158,217
delta2_mfcc_29_mean,Δ²-MFCC,0.0026229400479623444,0.002736356729583763,0.001742188860185616,0.03502973966103611,177,90,69,85
delta2_mfcc_20_mean,Δ²-MFCC,0.002488606662076035,0.0027337357859621666,0.00158579231084139,0.028049866806173482,178,97,77,93
f0_max,Pitch,0.0013869188857431097,0.00273223006882965,0.0005144866504571068,0.016432707234756417,179,225,91,167
mfcc_28_mean,MFCC,0.0024764830452328732,0.002728948439384154,0.0013643586896884344,0.003337745822723442,180,107,148,94
delta2_mfcc_28_mean,Δ²-MFCC,0.002566279639556135,0.002717661864540468,0.0019830637798915764,0.04112018504449423,181,79,66,89
delta2_mfcc_23_mean,Δ²-MFCC,0.0016160539047408377,0.0026717208373860765,0.0010578811077330854,0.0,182,141,227,146
delta2_mfcc_31_mean,Δ²-MFCC,0.0008251493996708774,0.0026477717328264325,0.0004653922555657372,0.0,183,231,227,253
mfcc_15_mean,MFCC,0.013743620133330844,0.0026402035179065946,0.011745962414271626,0.0573889859903686,184,13,50,15
delta2_mfcc_11_mean,Δ²-MFCC,0.0012181992093464006,0.0026162859139451018,0.0009131065362682727,0.0,185,159,227,189
mfcc_10_mean,MFCC,0.004244713681191167,0.0025925033637083585,0.002944847973611908,0.013078251058959833,186,54,105,58
delta2_mfcc_4_mean,Δ²-MFCC,0.0022129548855746085,0.0025787093813050698,0.0017589321137999807,0.00022579861011101378,187,87,175,109
delta_mfcc_11_mean,Δ-MFCC,0.007996402093832112,0.002556393773489958,0.005674630300331557,0.0,188,32,227,28
mfcc_2_std,MFCC,0.0015212862820193434,0.002525242715513179,0.0007128367922537341,4.5105415633141825e-05,189,195,187,153
delta_mfcc_18_mean,Δ-MFCC,0.002566541259962872,0.0025246119516662033,0.0013766008493527207,0.0,190,105,227,88
delta_mfcc_16_mean,Δ-MFCC,0.0036205569691458383,0.00249566674347017,0.0019652140872908294,0.008236134525153663,191,80,126,65
delta2_mfcc_36_std,Δ²-MFCC,0.00090543962681716,0.002467429318031036,0.0005683656730188107,0.0,192,216,227,246
delta2_mfcc_9_mean,Δ²-MFCC,0.0006812633006054132,0.0024328334404695564,0.00027417404296877363,0.0003770289656091873,193,256,169,257
mfcc_26_mean,MFCC,0.001402013328657139,0.0024299465536920845,0.0005733440951015016,0.0,194,215,227,166
delta_mfcc_29_mean,Δ-MFCC,0.001970163214519624,0.002427452655842952,0.00118944325978324,0.0018628576675161102,195,125,155,119
delta_mfcc_12_std,Δ-MFCC,0.0010415427065989657,0.0023961472126190534,0.00039947439580120114,0.0,196,242,227,221
delta2_mfcc_14_mean,Δ²-MFCC,0.00438380808222106,0.0023758035918181493,0.0036633892754046114,0.00044596358582502246,197,48,165,54
delta_mfcc_26_mean,Δ-MFCC,0.0030776001711001902,0.002371561263992512,0.001952025635382569,0.010585181077982713,198,82,113,74
delta_mfcc_36_std,Δ-MFCC,0.0009662715613703932,0.0022719306382345357,0.0008391659422952311,0.0,199,170,227,235
delta2_mfcc_0_std,Δ²-MFCC,0.0025548451724185604,0.0022453961130261234,0.0018593517417991457,0.0,200,86,227,90
delta2_mfcc_37_mean,Δ²-MFCC,0.003059628601718663,0.0022424923081610193,0.002376328023304487,0.0003847144487033531,201,66,168,75
delta2_mfcc_24_mean,Δ²-MFCC,0.002127926993709759,0.002225907376249362,0.0016294699312680676,0.0811704149774937,202,93,41,111
mfcc_20_mean,MFCC,0.0017709045891119025,0.0022152376302498264,0.0007626828870833607,7.25798717288846e-05,203,185,183,136
mfcc_26_std,MFCC,0.001098723549536253,0.0022141027498431432,0.00043755237032191356,0.004237027121971034,204,237,144,209
delta2_mfcc_26_mean,Δ²-MFCC,0.0024569835512557037,0.0022135805110891425,0.0020994998549383405,0.0,205,76,227,95
delta2_mfcc_39_mean,Δ²-MFCC,0.002019766003552938,0.002210505497921265,0.001741155873076963,0.0,206,91,227,117
phase_diff_abs_mean,Phase,0.007225403901632072,0.0022091312285372894,0.004232825472610658,0.012025788979969438,207,43,110,34
delta2_mfcc_22_mean,Δ²-MFCC,0.002253095284919187,0.002196271726583016,0.0016020889775397213,0.06828246280659868,208,94,44,105
delta_mfcc_25_std,Δ-MFCC,0.001269952148477719,0.0021925628017884216,0.0007099575448793675,0.0030414574881169848,209,196,150,180
delta_mfcc_38_std,Δ-MFCC,0.0010668872805908616,0.002185690653961317,0.0011111224586608656,0.004959444148631575,210,133,141,216
delta_mfcc_24_std,Δ-MFCC,0.0011489257962873283,0.002173881616695541,0.0004604024234561929,0.01852256781613643,211,232,89,200
mfcc_15_std,MFCC,0.001791002154968258,0.00217239986761468,0.0013741190978350125,0.014270148345613298,212,106,101,134
delta2_mfcc_5_mean,Δ²-MFCC,0.001595547244558273,0.002124986572159017,0.0013928120980966595,9.188754888557726e-05,213,103,179,148
delta_mfcc_32_std,Δ-MFCC,0.0008196726452173891,0.002104305071197139,0.0006143929364384487,0.0,214,209,227,254
mfcc_14_mean,MFCC,0.004119111332557483,0.002092654451982351,0.002644192229345076,0.006928197511810252,215,63,133,59
mfcc_35_std,MFCC,0.0011300024809967847,0.002011305863967692,0.0007875164678101431,0.05000850841488054,216,180,57,204
delta2_mfcc_35_mean,Δ²-MFCC,0.0014200978537664648,0.0019964455308638194,0.0008903411468590975,0.0,217,163,227,163
delta_mfcc_34_mean,Δ-MFCC,0.0014486222362341558,0.001991093479296984,0.0009093751817284661,0.018582574848754873,218,160,88,158
delta_mfcc_3_std,Δ-MFCC,0.001411749943909902,0.0019768463248985707,0.0010167462706875826,0.00429965299759624,219,147,143,165
delta2_mfcc_32_std,Δ²-MFCC,0.0011511410409314716,0.0019732858319045006,0.0007468970202183757,0.00010783092536888964,220,191,178,198
delta_mfcc_7_std,Δ-MFCC,0.004054299314437104,0.0019729283429771325,0.0029340649722041086,0.08589099037515843,221,55,38,61
delta2_mfcc_21_std,Δ²-MFCC,0.0014903007584037584,0.0019716578433753924,0.0007967529808120221,0.0009717856770739249,222,178,159,154
delta_mfcc_15_mean,Δ-MFCC,0.004295160227193598,0.0019644655594165507,0.001958433815804276,0.043119270734972924,223,81,64,56
mfcc_13_std,MFCC,0.0020610296583423735,0.0019465584843563,0.0012459147052545964,0.0,224,117,227,114
delta2_mfcc_15_mean,Δ²-MFCC,0.0011499158540418477,0.0019364412563207527,0.0006731068517998519,0.006928088008740925,225,201,134,199
delta2_mfcc_33_mean,Δ²-MFCC,0.001042954988560103,0.0019324015666534252,0.0007614733743996243,0.0,226,186,227,220
delta2_mfcc_36_mean,Δ²-MFCC,0.0018613586429654515,0.0019177142291493868,0.0012425183916973705,0.009041731125643453,227,118,121,126
delta2_mfcc_30_mean,Δ²-MFCC,0.001580411765383475,0.0018875543318033693,0.001209569416554021,2.861232618312569e-07,228,121,196,150
delta2_mfcc_30_std,Δ²-MFCC,0.0009612702282499566,0.0018723956930694352,0.0004969750702396945,0.0,229,227,227,237
delta2_mfcc_27_mean,Δ²-MFCC,0.0009182972258770197,0.001855446892202219,0.0005265646186751905,0.015310778312314186,230,221,94,242
delta_mfcc_21_std,Δ-MFCC,0.0011473348392029119,0.001816517988059707,0.0004347040461687275,0.0,231,239,227,201
f0_std,Pitch,0.0017173081570737029,0.001804126177712675,0.0005566743122125504,0.011128456485712444,232,219,111,140
delta2_mfcc_35_std,Δ²-MFCC,0.0010747160098255053,0.0017996843562016504,0.0008147138457601507,0.0,233,177,227,215
mfcc_32_std,MFCC,0.0010144701545920657,0.0017495805650854564,0.0003396402016194344,0.0007780897964987127,234,251,161,225
delta2_mfcc_29_std,Δ²-MFCC,0.0010026743855277723,0.0017207763241106496,0.0006263090122965081,0.0,235,207,227,231
delta2_mfcc_2_mean,Δ²-MFCC,0.0011180555721796148,0.0017032317451794673,0.0005214656617549984,0.0,236,223,227,206
delta_mfcc_37_mean,Δ-MFCC,0.0011626120220554106,0.0016888164170316097,0.000750280002316813,0.0071988329820203475,237,190,131,197
delta2_mfcc_39_std,Δ²-MFCC,0.0010046999418090203,0.0016530843833499217,0.0008321405908305505,0.0,238,171,227,229
delta2_mfcc_7_mean,Δ²-MFCC,0.00089692085488337,0.001637356468401269,0.0004385848998072961,0.0,239,235,227,248
mfcc_30_std,MFCC,0.0011045770041904434,0.0016372311518112722,0.00044723895841737463,0.0,240,233,227,208
delta2_mfcc_25_mean,Δ²-MFCC,0.0009223576435435782,0.0015941507402877678,0.0004374866193220925,0.0,241,238,227,241
delta2_mfcc_27_std,Δ²-MFCC,0.0014331060489696228,0.0015654044825748317,0.001012058130132522,0.0001804640950492391,242,148,176,161
delta_mfcc_30_std,Δ-MFCC,0.0009104967050661482,0.0015204080896208574,0.00035016589101653003,0.0,243,250,227,245
delta2_mfcc_13_mean,Δ²-MFCC,0.0008494234110557695,0.0014955885077526697,0.0004376370099505338,0.0003951936339984108,244,236,167,251
delta_mfcc_28_std,Δ-MFCC,0.0009178550798500238,0.0014909683238717082,0.0004217282785673931,0.008434090712508318,245,240,125,243
delta2_mfcc_19_mean,Δ²-MFCC,0.0022265548797545994,0.00148503165293242,0.0014624999280489026,0.02963152055751896,246,99,74,106
delta2_mfcc_17_mean,Δ²-MFCC,0.0012164888011776593,0.0014548359046922422,0.0007307619313940111,6.872506392439059e-05,247,193,184,190
mfcc_25_std,MFCC,0.0018095731374369647,0.0014495210155424786,0.0009046295656188186,0.004973190712697339,248,161,140,131
delta_mfcc_17_std,Δ-MFCC,0.0008023494466331476,0.001414506323680159,0.00028070621795146594,0.0030681646911161196,249,255,149,255
delta2_mfcc_38_mean,Δ²-MFCC,0.0020930117983012416,0.0013789180716479157,0.0016000878621957703,0.013629503252809911,250,95,104,112
delta2_mfcc_33_std,Δ²-MFCC,0.0014401180853604897,0.001361618951598533,0.0009742041113988272,0.002962720413606331,251,152,151,160
delta_mfcc_27_std,Δ-MFCC,0.0011722028110735406,0.0013163302628864267,0.0005860462487224591,0.0,252,212,227,196
delta_mfcc_33_std,Δ-MFCC,0.001017512697493809,0.0012835522765222776,0.0008295281000487371,0.0,253,172,227,224
delta2_mfcc_31_std,Δ²-MFCC,0.0012308680620275853,0.0012740284057014596,0.0007803783303514863,0.0006872304474845953,254,183,163,186
delta_mfcc_35_mean,Δ-MFCC,0.0011108763048103233,0.0012579903816654623,0.0007533059927972702,0.004762382622865337,255,188,142,207
delta_mfcc_19_std,Δ-MFCC,0.0008266384747943836,0.001206068624225381,0.0002700320375544523,4.773383830275714e-05,256,257,186,252
delta_mfcc_29_std,Δ-MFCC,0.0009598751135803759,0.0011285084922422158,0.0004396787418447102,0.003570393506890918,257,234,145,238
